L'IoU;Sommes moyennes
0.068496;0.068496
0.263525;0.166011
0.514525;0.282182
0.437196;0.320935
