L'IoU;Somme des moyenne
0.642500;0.642500
0.676030;0.659265
0.634794;0.651108
