L'IoU;Sommes moyennes
0.230194;0.230194
0.019300;0.124747
0.556641;0.268712
0.501538;0.326918
0.532174;0.367969
0.543189;0.397173
0.440860;0.403414
0.298343;0.390280
